idx,online_id,names
0,91277243,Claudia Roth
1,91277243,Renate Künast
2,91275519,Fallon Sherrock
3,91275519,Gary Anderson
4,91275519,Gerwyn Price
5,91275519,James Wade
6,91275519,Joe Cullen
7,91275519,Jonny Clayton
8,91275519,Matt Porter
9,91275519,Michael Smith
10,91275519,Michael van Gerwen
11,91275519,Peter Wright
12,91275549,Robert Habeck
13,91275657,Christina Hein
14,91275657,Corona
15,91275657,Jacob-Grimm
16,91275657,Julius Jasperbrinkmann
17,91275657,Marie Haller
18,91275657,Powi
19,91275657,Rojda Kansiray
20,91275657,Timon Gremmels
21,91275809,Alexandra Popp
22,91275809,Cecilia Ran Runarsdottir
23,91275809,Gabor Gallai
24,91275809,Giulia Gwinn
25,91275809,Jens Scheuer
26,91275809,Klara Bühl
27,91275809,Laura Anna Benkarth
28,91275809,Laura Freigang
29,91275809,Lea Schüller
30,91275809,Lina Magull
31,91275809,Linda Dallmann
32,91275809,Marina Hegering
33,91275809,Martina Voss
34,91275809,Oliver Kahn
35,91275809,Ralf Zwanziger
36,91275809,Sara Doorsoun
37,91275809,Siggi Dietrich
38,91275809,Tommy Stroot
39,91275867,Joshua Kimmich
40,91275867,Karl Lauterbach
41,91276300,Bernd Neuendorf
42,91276300,Fritz Keller
43,91276300,Gerhard Mayer
44,91276300,Harald Lange
45,91276300,Jan Christian Müller
46,91276300,Katja Kraus
47,91276300,Peter Peters
48,91276300,Rainer Koch
49,91276300,Ralf Viktora
50,91276300,Silke Sinning
51,91276330,Adi Hütter
52,91276330,Christopher Lenz
53,91276330,Daichi Kamada
54,91276330,Djibril Sow
55,91276330,Filip Kostic
56,91276330,Glasner
57,91276330,Jens Petter Hauge
58,91276330,Jesper Lindström
59,91276330,Kevin Trapp
60,91276330,Max Kruse
61,91276330,Nestor Makoto Hasebe
62,91276330,Obacht
63,91276330,Pellegrino Matarazzo
64,91276330,Rafael Borré
65,91276330,Sven Mislintat
66,91276350,Florian Wirtz
67,91276350,Hasan Salihamidzic
68,91276350,Julian Nagelsmann
69,91276350,Malte Hartmann
70,91276350,Marco Neppe
71,91276350,Paul Wanner
72,91276381,Fritz Keller
73,91276381,Harald Stenger
74,91276381,Jens Grittner
75,91276381,Joachim Löw
76,91276381,Michael Herz
77,91276381,Mirjam Berle
78,91276381,Oliver Bierhoff
79,91276450,Alfons Hörmann
80,91276450,Thomas Weikert
81,91276450,Wladimir Putin
82,91276457,Christoph Nowak
83,91276457,Frank Bsirske
84,91276457,Joachim Wundrak
85,91276457,Nicole
86,91276457,Roland Bursian
87,91276457,Sonja
88,91276616,Adolf Hitler
89,91276616,Gregor Gysi
90,91276616,Joachim Herrmann
91,91276616,Kevin Kühnert
92,91276616,Peng Shuai
93,91276616,Philipp Hartewig
94,91276616,Thomas Bach
95,91276616,Tina Winklmann
96,91276616,Xi Jinping
97,91276616,Yang Shu
98,91276627,Bob
99,91276627,Francesco Friedrich
100,91276627,Marius Schmitz
101,91276627,Nico
102,91276655,Kate
103,91276655,Prinz Harry
104,91276655,Queen Elizabeth II
105,91276655,William
106,91276674,Annalena Baerbock
107,91276674,Armin Nassehi
108,91276674,Freud
109,91276674,Michael Hesse
110,91276771,Hartmut Schroth
111,91276771,Karin Guder
112,91276771,Martina van Holst
113,91276806,Bayer Leverkusens
114,91276806,Simon Rolfes
115,91276848,Barbara Akdeniz
116,91276848,Luisa Heim
117,91276848,Rodan Zeybek
118,91276848,Selma Hieke
119,91276872,André Jacques
120,91276872,Bernard Doroszczuk
121,91276872,Charles de Gaulle
122,91276872,Crilan
123,91276872,Emmanuel Macron
124,91276872,Flamanville
125,91276872,Patrick Fauchon
126,91276872,Romain Travers
127,91276899,Alirez Sanifar
128,91276899,Asghar Farhadi
129,91276899,Behtash Sanaeeha
130,91276899,Maryam Moghaddam
131,91276899,Mohammad Rasoulof
132,91276899,Reza
133,91276957,Julia Frank
134,91276957,Sylvia Kunze
135,91276957,Sylvia Weber
136,91276998,Lorenz Schlotmann
137,91277036,Dominic Dyer
138,91277036,Petya Petrova
139,91277036,Recep Tayyip Erdogan
140,91277036,Tugba Ekinci
141,91277036,Zülal Kalkandelen
142,91277041,Heinz Rothgang
143,91277041,Norbert Blüm
144,91277062,Antje Jackelén
145,91277062,Ingmar Bergman
146,91277062,Svenska Kyrkan
147,91277062,Thomas Petersson
148,91277099,Astrid Leitner
149,91277099,Babette Wehrmann
150,91277099,Franz Schnitzenbaumer
151,91277099,Mathias Schrön
152,91277099,Schliersees
153,91277122,Alexander Graf Lambsdorff
154,91277122,Annalena Baerbock
155,91277122,Katja Keul
156,91277122,Mali
157,91277148,Daniel Medenwald
158,91277152,Frank Gautsche
159,91277152,Nancy Faeser
160,91277160,Biontech
161,91277160,Niels Halama
162,91277160,Van Morris
163,91277290,Astora
164,91277290,Axel Knoerig
165,91277290,Daniel Günther
166,91277290,Olaf Scholz
167,91277290,Oliver Krischer
168,91277290,Peter Altmaier
169,91277290,Peter Tschentscher
170,91277290,Robert Habeck
171,91277290,Stefanie Hallaschka
172,91277290,Stephan Weil
173,91277290,Wladimir Putin
174,91277312,Donald Trump
175,91277312,Douglas Brinkley
176,91277312,Liz Cheney
177,91277312,Mike Pence
178,91277342,Benedikt XVI
179,91277342,Franziskus
180,91277342,Peter Hanack
181,91277342,Thomas Schüller
182,91277373,-Weiß
183,91277373,Alexander Dobrindt
184,91277373,Andrea Jochner
185,91277373,Klaus Holetschek
186,91277373,Markus Loth
187,91277373,Norbert Roeder
188,91277373,Prof
189,91277373,Thomas Lippmann
190,91277373,Weilheims
191,91277395,Peter Hanack
192,91277395,Robert Habeck
193,91277405,Frank Nagel
194,91277405,Renata Berlin
195,91277405,Stefan Majer
196,91277405,Wolfgang Siefert
197,91277447,Albert Mangelsdorff
198,91277447,Bertolt Brecht
199,91277447,Bill Ramsey
200,91277447,Edgar M. Böhlke
201,91277447,Emil Mangelsdorff
202,91277447,Ina Hartwig
203,91277447,Pablo Neruda
204,91277447,Peter Feldmann
205,91277466,E. R. Nele
206,91277466,Gaudi
207,91277466,Matthias Wagner K
208,91277466,Max von Goldschmidt
209,91277466,Maximilian von Goldschmidt
210,91277466,Norbert Schoerner
211,91277466,Rothschild
212,91277472,Michael Otto
213,91277476,Heiko Walldorf
214,91277476,Matthias Thoma
215,91277476,Michael Otto
216,91277476,Niko Föller
217,91277511,Christine Lambrecht
218,91277511,Ronny Maritzen
219,91277512,Bernhard Veeck
220,91277512,Christoph Ackermann
221,91277512,Yaskawa
222,91277516,Andreas Kowol
223,91277516,Jan Görnemann
224,91277522,Andrés Rosales
225,91277522,Helmut Lachenmann
226,91277522,Karin Wolff
227,91277522,Majid Derakhshani
228,91277522,Peter Eötvös
229,91277522,Peter Klohmann
230,91277522,Susanna Mälkki
231,91277522,Yalda Zamani
232,91275313,
233,91275315,Daniel Hartwich
234,91275315,Eric
235,91275315,Filip Pavlovic
236,91275315,Peter
237,91275316,Anouschka Renzi
238,91275316,Bob
239,91275316,Daniel Hartwich
240,91275316,Erich Stehfest
241,91275316,Harald Glööckler
242,91275316,Linda Nobat
243,91275316,Manuel Flickinger
244,91275316,Peter Althof
245,91275316,Sonja Zietlow
246,91275318,Brian Daboll
247,91275318,Brian Flores
248,91275318,Mike Tomlin
249,91275320,Christian Drosten
250,91275336,Alphabet
251,91275336,Sunder Pichai
252,91275341,Anne
253,91275341,Inga Pfannebecker
254,91275341,Katrin Weber
255,91275342,Matthias Wagner
256,91275342,Peter Rach
257,91275345,-Geßler
258,91275345,Daniela Karbe
259,91275346,Berylls
260,91275346,Jan Burgard
261,91275346,Luca Leicht
262,91275346,Sven Hansen
263,91275348,Bodycams
264,91275348,Frank Gautsche
265,91275348,Herbert Reul
266,91275348,Michael Denne
267,91275348,Peter Tschentscher
268,91275348,Thomas Strobl
269,91275348,Udo Gehring
270,91275348,Volker Bouffier
271,91275349,Natalie Geisenberger
272,91275349,Thomas Bach
273,91275349,Tobias Wendl
274,91275350,Christian Heidel
275,91275350,Jürgen Klopp
276,91275350,Max Eberl
277,91275350,Thomas Tuchel
278,91275351,Angela Merkel
279,91275351,Boris Johnson
280,91275351,Christoph Heusgen
281,91275351,Mark Rutte
282,91275351,Markus Blume
283,91275351,Wladimir Putin
284,91275351,Wolodymyr Selenskyj
285,91275352,Andreas Schröder
286,91275352,Heiko Schulz
287,91275354,Simone Theyßen
288,91275354,Speich
289,91275355,Chris Pichler
290,91275355,Romy Schneider
291,91275355,Vera Leweke
292,91275356,Hans-Joachim Hamerla
293,91275356,Hartmut Schepanski
294,91275356,Klaus Becker
295,91275356,Marc Baack
296,91275356,Nadja Lehmann
297,91275356,Peter Röttger
298,91275358,Bernhard Nick
299,91275358,Jonas Dickopf
300,91275358,Mario Seefeld
301,91275358,Rade
302,91275358,Stefan Barde
303,91275358,Wolfgang Weitzdörfer
304,91275360,Volker Niemz
305,91275361,Anja Carolina Siebel
306,91275361,Anne Biermann
307,91275361,Barbara Frank
308,91275361,Joachim Stamp
309,91275361,Kita Ecker
310,91275361,Leon Hohmann
311,91275361,Yvonne Gebauer
312,91275362,André Frowein
313,91275362,Anja Carolina Siebel
314,91275362,Brigitte Hallenberg
315,91275362,Florian Leßke
316,91275362,Jürgen Häcker
317,91275362,Marion Lück
318,91275362,Ute Baehr
319,91275363,Astrid Lindgren
320,91275363,Ronja
321,91275363,Thomas Kölsch
322,91275365,Georg Kalkum
323,91275365,Radevormwald/Oberberg
324,91275365,Stefan Gilsbach
325,91275365,Valentin von Terni
326,91275366,Bernhard Lampen
327,91275366,Maria Guski
328,91275368,Nadja Lehmann
329,91275368,Nicole Jordy
330,91275368,Odenthal
331,91275370,Christian Fröhlich
332,91275370,Martin Deubel
333,91275370,Stephan Büllesbach
334,91275372,Nicole Jordy
335,91275373,Katharina Witt
336,91275373,Theresa Demski
337,91275378,Edeltrud Huth
338,91275378,Siegfried
339,91275381,Elsbeth Reiß
340,91275381,Schröder
341,91275382,Alexander Dobrindt
342,91275382,Andreas Bovenschulte
343,91275382,Christian Drosten
344,91275382,Gerald Gaß
345,91275382,Hendrik Wüst
346,91275382,Marco Buschmann
347,91275382,Olaf Scholz
348,91275382,Robert Koch
349,91275383,Felix Koslowski
350,91275383,Vital Heynen
351,91275386,Lautaro Martínez
352,91275386,Lionel Messi
353,91275386,Mario Alberto Kempes
354,91275388,Aaron Rodgers
355,91275388,Ben Roethlisberger
356,91275388,Blaine Gabbert
357,91275388,Bruce Arians
358,91275388,Bye
359,91275388,Dak Prescott
360,91275388,Jason Licht
361,91275388,Jimmy Garoppolo
362,91275388,Joe Burrow
363,91275388,Justin Herbert
364,91275388,Kyle Trask
365,91275388,Lamar Jackson
366,91275388,Matthew Stafford
367,91275388,Patrick Mahomes
368,91275388,Russell Wilson
369,91275388,Ryan Griffin
370,91275388,Tom Brady
371,91275397,Natalie Geisenberger
372,91275397,Thomas Bach
373,91275397,Tobias Wendl
374,91275398,Dietmar Woidke
375,91275398,Jörg Steinbach
376,91275398,Katrin Lange
377,91275398,Michael Stübgen
378,91275398,Ursula Nonnemacher
379,91275399,Herta Zerna
380,91275399,Hitler
381,91275399,Kurt Tucholsky
382,91275399,Stefanie Oswalt
383,91275402,Anke Frieling
384,91275406,Curtis Harding
385,91275406,Durand Jones
386,91275406,K. Sparks
387,91275406,Leon Bridges
388,91275406,Michael Kiwanuka
389,91275406,Otis Williams
390,91275406,Smokey Robinson
391,91275407,Alexander Lorz
392,91275411,Barbara Havliza
393,91275411,Claudia Schilling
394,91275414,Hendrik Wüst
395,91275417,Cole Anthony
396,91275417,DeMar DeRozan
397,91275417,Franz Wagner
398,91275417,Jalen Suggs
399,91275417,Moritz Wagner
400,91275417,Orlando
401,91275418,Balthasar
402,91275418,Caspar
403,91275418,Melchior
404,91275419,Alexander Dobrindt
405,91275419,Armin Laschet
406,91275419,Friedrich Merz
407,91275419,Hans-Werner Sinn
408,91275419,Hendrik Wüst
409,91275419,Leonhard Birnbaum
410,91275419,Markus Blume
411,91275419,Markus Söder
412,91275419,Oliver Zipse
413,91275419,Pablo Casado
414,91275419,Wolfgang Ischinger
415,91275420,Christian Heidel
416,91275420,Jürgen Klopp
417,91275420,Max Eberl
418,91275420,Thomas Tuchel
419,91275421,Uwe Bernhardt
420,91275422,Christian Scholz
421,91275422,Thomas Kirchner
422,91275426,Bernward Küper
423,91275426,Heinz-
424,91275426,Lothar Theel
425,91275426,Lutz Trümper
426,91275426,Michael Richter
427,91275429,André Brodocz
428,91275429,Bodo Ramelow
429,91275429,Thomas Kemmerich
430,91275430,Balthasar
431,91275430,Caspar
432,91275430,Dominik Schäfer
433,91275430,Elke Dischinger
434,91275430,Melchior
435,91275432,Marcel Emmerich
436,91275432,Nancy Faeser
437,91275434,Krebs
438,91275434,Sophie Schwab
439,91275436,Thomas Müller
440,91275437,Stephan Schwarz
441,91275442,Ramona Dornbusch
442,91275444,Marion Charlotte Renneberg
443,91275444,Sonja Kazma
444,91275444,Thomas Spieker
445,91275445,Gerhard Brand
446,91275447,Kai Dolgner
447,91275451,Jing Haipeng
448,91275451,Luo Zhihan
449,91275451,Thomas Bach
450,91275451,Yao Ming
451,91275455,Christian Drosten
452,91275460,Gunda Tuchenhagen
453,91275461,Brian McCloskey
454,91275463,Anne
455,91275463,Gret Trilling
456,91275463,Jan Gloßmann
457,91275463,Juliane Güldner
458,91275475,Hans-Joachim Watzke
459,91275475,Matthias Sammer
460,91275478,Thomas Müller
461,91275484,Benedikt Doll
462,91275484,Bob
463,91275484,Carina Vogt
464,91275484,Francesco Friedrich
465,91275484,Johannes Lochner
466,91275484,Johannes Ludwig
467,91275484,Julia Taubitz
468,91275484,Karl Geiger
469,91275484,Katharina Althaus
470,91275484,Mariama Jamanka
471,91275484,Martin Nörl
472,91275484,Ramona Hofmeister
473,91275488,Kate
474,91275488,Prinz Harry
475,91275488,Queen Elizabeth II
476,91275488,William
477,91275490,Michelle Uhrig
478,91275490,Nadine Seidenglanz
479,91275490,Uhrig Claudia Pechstein
480,91275492,Gisele Bündchen
481,91275492,Tom Brady
482,91275494,Albert Bourla
483,91275494,Biontech/Pfizer
484,91275494,Janet Woodcock
485,91275494,Jörg Dötsch
486,91275495,André Brodocz
487,91275495,Astrid Rothe
488,91275495,Beinlich
489,91275495,Bodo Ramelows
490,91275495,Matthias Hey
491,91275495,Steffen Dittes
492,91275495,Thomas Kemmerich
493,91275497,Leon Gütl
494,91275497,Leon Vockensperger
495,91275497,NoahVicktor
496,91275497,Zhangjiakou
497,91275498,António Guterres
498,91275498,Moussa Faki Mahamat
499,91275498,Roch Marc Christian Kaboré
500,91275498,Umaro Sissoco Embalo
501,91275500,Verena Bentele
502,91275501,Alfons Hörmann
503,91275501,Christa Thiel
504,91275501,Clemens Basdorf
505,91275501,Thomas Weikert
506,91275504,Dunja Zdouc
507,91275504,Jacqueline Seifriedsberger
508,91275504,Mario Stecher
509,91275504,Marita Kramer
510,91275504,Sophie Sorschag
511,91275504,Zhangjiakou
512,91275505,Axel Jungk
513,91275505,Hannah Neise
514,91275505,Skeletoni Jungk
515,91275506,Lisa Su
516,91275506,Santa Clara
517,91275508,Peter Schlickenrieder
518,91275515,Alexander Stöckl
519,91275515,Andreas Wellinger
520,91275515,André Tande
521,91275515,Daniel
522,91275515,Halvor Egner Granerud
523,91275515,Johann André Forfang
524,91275515,Marius Lindvik
525,91275522,Christoph Göbel
526,91275522,Frank-Walter Steinmeier
527,91275522,Monika Löser
528,91275526,Johannes Thingnes Bö
529,91275526,Marte Olsbu Röiseland
530,91275526,Tarjei Bö
531,91275526,Tiril Eckhoff
532,91275526,Zhangjiakou
533,91275536,Denise Herrmann
534,91275536,Franziska Preuß
535,91275536,Johannes Thingnes Bö
536,91275536,Kristian Mehringer
537,91275536,Marte Olsbu Röiseland
538,91275536,Tarjei Bö
539,91275536,Tiril Eckhoff
540,91275536,Zhangjiakou
541,91275539,Annika Ernst
542,91275540,Christoph Göbel
543,91275547,Aljona Savchenko
544,91275547,Bruno Massot
545,91275547,Claudia Pfeifer
546,91275547,Kamila Wasiljewa
547,91275547,Michael Huth
548,91275547,Minerva Hase/Nolan Seegert
549,91275547,Nicole Schott
550,91275547,Reinhard Ketterer
551,91275551,Christian Lindner
552,91275551,Klara Geywitz
553,91275551,Robert Habeck
554,91275553,Gracenote
555,91275553,Thomas Weikert
556,91275563,Olivier Niggli
557,91275581,Manuel Hagel
558,91275581,Winfried Kretschmann
559,91275581,Winfried Mack
560,91275584,Gracenote
561,91275584,Thomas Weikert
562,91275586,Christian Hartel
563,91275586,Christoph von Plotho
564,91275586,Siltronic
565,91275587,Holger Rehbock
566,91275588,
567,91275589,Franz Reindl
568,91275590,
569,91275591,Franz Reindl
570,91275595,
571,91275598,
572,91275602,
573,91275603,
574,91275607,
575,91275609,
576,91275616,Änis Ben-Hatira
577,91275618,Anouschka Renzi
578,91275618,Ernst
579,91275618,Linda Nobat
580,91275618,Tina Ruland
581,91275630,Hahn
582,91275630,Jan Markus Plathner
583,91275639,Andreas Janson
584,91275639,Dagmar Leiter
585,91275639,Werner van der Weck
586,91275645,Erik Lesser
587,91275645,Zhangjiakou
588,91275646,Kerstin Köditz
589,91275647,Ebubekir Han
590,91275647,Änis Ben-Hatira
591,91275648,Corona
592,91275648,Ina Prinz
593,91275648,Klaus Holub
594,91275648,Wolfgang Krüger
595,91275650,Niko Kovac
596,91275650,Stevan Jovetic
597,91275652,Andi
598,91275652,Charlie
599,91275652,Fatou
600,91275652,Floyd
601,91275652,Gorilla Ozzie
602,91275652,Kekla
603,91275652,Kuchi
604,91275652,Lulu
605,91275652,Raymond King
606,91275652,Stadi
607,91275654,Heigis
608,91275654,Remondis
609,91275654,Rüdiger Zwarg
610,91275655,Ebubekir Han
611,91275655,Änis Ben-Hatira
612,91275656,Stevan Jovetic
613,91275669,Abel
614,91275669,Adam
615,91275669,Eva
616,91275669,Heinrich Cornelius Agrippa von Nettesheim
617,91275669,Izanagi
618,91275669,Izanami
619,91275669,Kain
620,91275669,Remus
621,91275669,Romulus
622,91275670,Franziska Giffey
623,91275670,Martin Ecknig
624,91275671,Günther Schröder
625,91275671,Hans-Peter Thomsen
626,91275671,Heinz Jürgen Fendt
627,91275671,Kai Schumacher
628,91275671,Lars Hviid
629,91275671,Marco Eberle
630,91275671,Marianne Unger
631,91275671,Werner Ehlers
632,91275674,Rob Koehler
633,91275678,Renate Künast
634,91275684,Carsten Grawunder
635,91275684,Ingo Stude
636,91275684,Markus Wiewel
637,91275684,Martin Welscheit
638,91275684,Nina Russow
639,91275684,Oliver Buchholz
640,91275698,Renate Künast
641,91275703,Jan Markus Plathner
642,91275711,Dylan
643,91275711,Hopper
644,91275711,Sean Penn
645,91275717,Arif Khan
646,91275717,Qi Fabao
647,91275724,Bernd Buchholz
648,91275724,Daniel Günther
649,91275724,Heiner Garg
650,91275724,Monika Heinold
651,91275733,Keir Starmer
652,91275733,Sue Gray
653,91275737,Dieter Reiter
654,91275737,Jörg Hoffmann
655,91275737,Roman Wintz
656,91275742,Balthasar
657,91275742,Caspar
658,91275742,Dominik Schäfer
659,91275742,Elke Dischinger
660,91275742,Melchior
661,91275749,Dani Baijens
662,91275749,Jan Brosch
663,91275749,Thomas Lammers
664,91275751,Bochumer Raman Chibsah
665,91275760,Alan Arnette
666,91275760,Mingma Dorchi Sherpa
667,91275760,Pemba Sherpa
668,91275775,Frank Neise
669,91275775,Peter
670,91275775,Roland Janson
671,91275775,Thomas
672,91275775,Volker von Oepen
673,91275775,Walter von Oepen
674,91275778,Annika Ernst
675,91275787,Heiner van der Werp
676,91275787,Wenkeloh
677,91275793,Emily Hartmann
678,91275793,Gero von Randow
679,91275793,Harald Ludwig
680,91275793,Klaus Reinhard
681,91275793,Meißner
682,91275793,Walter Hölzel
683,91275796,Ben Affleck
684,91275796,Jennifer Lopez
685,91275820,Lothar Mirus
686,91275820,Sebastian Siebrecht
687,91275822,David Wachenfeld
688,91275822,Scott Morrison
689,91275824,Erik Lesser
690,91275826,Klara Geywitz
691,91275826,Markus Söder
692,91275830,André Lange
693,91275830,Cheng Fangming
694,91275830,Chu Yuanmeng
695,91275830,Denis Ossipow
696,91275830,Eileen Gu
697,91275830,Ivano Zanatta
698,91275830,Jake Chelios
699,91275830,Jeremy Smith
700,91275830,Johan Eliasch
701,91275830,Ole Einar Björndalen
702,91275833,Bock
703,91275833,Domenico Tedesco
704,91275837,Dirk Fasse
705,91275837,Ulrich Mäurer
706,91275838,Stevan Jovetic
707,91275839,Bettina Axt
708,91275839,Dirk Süssenbach
709,91275839,Dorothea Pape
710,91275839,Moses Mendelssohn
711,91275839,St. Nikolai
712,91275839,Stefan Bemmé
713,91275839,Susanne Hansen
714,91275839,Susanne Platzhoff
715,91275840,Hans Herbert Schaller
716,91275840,Harald Piazzi
717,91275840,Werner Steinmann
718,91275841,Christine Enenkel
719,91275841,Petra Köpping
720,91275842,Danni Büchner
721,91275842,Joelina Karabas
722,91275844,Bock
723,91275844,Domenico Tedesco
724,91275847,Aalens
725,91275847,Frederick Brütting
726,91275847,Guntram Kottwitz
727,91275847,Karl Maier
728,91275847,Martin Balle
729,91275847,Peter Traub
730,91275851,Alex Mariah Peter
731,91275851,Daniel Rosemann
732,91275851,Dascha
733,91275851,Heidi Klum
734,91275851,Jean-Paul Gaultier
735,91275851,Kylie Minogue
736,91275851,Paulina
737,91275853,Detlev Brandecker
738,91275853,Harald Reinkind
739,91275853,Viktor Szilagyi
740,91275858,Achim
741,91275858,Deniz Undav
742,91275858,Kacper Kozlowski
743,91275858,Kaoru Mitoma
744,91275858,Stefan Kuntz
745,91275858,Tony Bloom
746,91275858,Torsten Lieberknecht
747,91275859,Kammer
748,91275859,Manfred Saar
749,91275859,Robert Koch
750,91275872,Dani Baijens
751,91275872,Sebastian Frecke
752,91275873,Alexander Dobrindt
753,91275873,Markus Söder
754,91275873,Olaf Scholz
755,91275873,Robert Koch
756,91275874,Ainara Diaz
757,91275874,Colin Pedersen
758,91275874,Delia Natalia Ciulin
759,91275874,Héctor Serrat
760,91275874,Manuela Becker
761,91275874,Marie Schleuning
762,91275874,Pilar Bueno
763,91275874,Sabine Trapp
764,91275874,Selina Schleyer
765,91275874,Senai Mebratu
766,91275874,Silvia Palacios Amutio
767,91275874,Sofía Rogozan
768,91275875,Alfons Hörmann
769,91275875,Dirk Schimmelpfennig
770,91275875,Thomas Weikert
771,91275876,Alexander Dobrindt
772,91275876,Markus Söder
773,91275876,Olaf Scholz
774,91275876,Robert Koch
775,91275883,Michael Stübgen
776,91275883,Olaf Schöpe
777,91275883,Ursula Nonnemacher
778,91275887,Alexander Wrabetz
779,91275887,Karl Nehammer
780,91275887,Sebastian Kurz
781,91275887,Sigrid Maurer
782,91275887,Werner Kogler
783,91275888,Annika Ernst
784,91275893,Andreas Röhrig
785,91275893,Peter Beuth
786,91275895,Krebs
787,91275895,Siegfried Euerle
788,91275903,Ben Affleck
789,91275903,Jennifer Lopez
790,91275904,Ole Schröder
791,91275908,Elisabeth
792,91275908,Ferdinand
793,91275908,Francois Blanc
794,91275908,Hanne
795,91275908,Karl
796,91275908,Liselotte
797,91275908,Louis Jacobi
798,91275908,Louis Lepper
799,91275908,Ludwig II
800,91275908,Ludwig Leppers
801,91275908,Manfred Moses
802,91275908,Wilhelm I.
803,91275909,Jens Grittner
804,91275911,Bernhard Deuschl
805,91275911,Ludwig Grundei
806,91275911,Marko Kaltner
807,91275911,Moritz Göschl
808,91275914,Bettina Hanekop
809,91275914,Dana Freidank
810,91275914,Helene Nestler
811,91275914,Hohenbrunns
812,91275914,Inga Volk
813,91275914,Iris Janda
814,91275914,Stefan Straßmair
815,91275914,Uhlmann
816,91275916,Boris Johnson
817,91275916,Lisa Nandy
818,91275916,Michael Gove
819,91275918,Andre Pawlack
820,91275918,Steffen Baumgart
821,91275925,Andre Pawlack
822,91275925,Steffen Baumgart
823,91275926,Helmut Schleweis
824,91275930,Markus Grill
825,91275930,Meinhof
826,91275930,Stefan Aust
827,91275930,Werner Mang
828,91275934,Jan Markus Plathner
829,91275937,Andre Pawlack
830,91275937,Steffen Baumgart
831,91275940,Sven Mislintat
832,91275940,Tiago Tomás
833,91275941,Bernd Buchholz
834,91275944,Ole Schröder
835,91275946,Elisabeth Schnepper
836,91275946,Matthias Knospe
837,91275946,Philipp Müller Solingen
838,91275946,Sabine Rische
839,91275946,Tim Kurzbach
840,91275949,Christian Bernreiter
841,91275949,Karl Lauterbach
842,91275957,Dieter Lotz
843,91275957,FRANK SALTENBERGER
844,91275957,Isabel Lotz
845,91275959,Doris Ahnen
846,91275964,Marcus Schürmann
847,91275973,Rebecca
848,91275973,Ryan M.
849,91275977,Helmut Schleweis
850,91275995,Dennis Quandt
851,91275995,Lucas Lorenz
852,91275995,Lukas Lorenz
853,91275995,Mathias Beer
854,91275995,Sebastian Schermuly
855,91275995,Vincent Robinson
856,91275996,Olaf Janßen
857,91276003,Joachim Stamp
858,91276003,Karl-Josef Laumann
859,91276009,Emerick Aubameyang
860,91276009,Mikel Arteta
861,91276009,Pierre
862,91276012,Corona
863,91276012,UIrich Canisius
864,91276014,Mecklenburg-Vorpommerns
865,91276014,Reinhard Meyer
866,91276016,Henning
867,91276016,Luca
868,91276016,Patrick Hennig
869,91276019,Angelika Rieber
870,91276019,Dirk Müller
871,91276019,Kästner
872,91276019,Michael Behrent
873,91276019,Walter Breinl
874,91276026,Alexander Zverev
875,91276026,Daniel Altmaier
876,91276026,Radu Albot
877,91276030,Abdi Saleh
878,91276030,Amira Keil
879,91276030,Anastasija Majic
880,91276030,Annik Freund
881,91276030,Aryan Saleh
882,91276030,Isabel Hahn
883,91276030,Juli Bäck
884,91276030,Kenneth Noah Nies
885,91276030,Kiano Litz
886,91276030,Laura von Bremer
887,91276030,Lilly Schultz
888,91276030,Lisa Krupkat
889,91276030,Mara Beyerle
890,91276030,Neele Riebell
891,91276030,Niklas Rübenach
892,91276030,Nikol Mircheva
893,91276030,Philipp Schuster
894,91276030,Von Bremer
895,91276035,Dominik Lenz
896,91276036,Emmanuel Macron
897,91276045,Gabriela Roßbach
898,91276045,Robert Philippi
899,91276045,Wolfgang Haas
900,91276053,Bernd Reuther
901,91276053,Ulrich Lange
902,91276054,Grischa Prömel corona
903,91276054,Julian Ryerson
904,91276057,Sandra Klug
905,91276062,Alexander Zverev
906,91276062,Daniel Altmaier
907,91276062,Radu Albot
908,91276063,Michael Göllner
909,91276270,Erich Mielke
910,91276270,Wolfgang Schwanitz
911,91276273,Theresa Schopper
912,91276274,Dirk Klöpperpieper
913,91276283,Helene Fischers
914,91276283,Maite Kelly
915,91276288,Ansgar Thim
916,91276288,Franz Kamphaus
917,91276288,Johannes Prassek
918,91276288,Sascha-Philipp Geißler
919,91276288,Stefan Heße
920,91276290,Lisa Matzka
921,91276301,Andreas Gabalier
922,91276301,Dieter Thomas Heck
923,91276301,Helene Fischer
924,91276301,Matthias Reim
925,91276308,Sharon Nooitmeer
926,91276310,Andreas Ullmann
927,91276310,Fabian Tretter
928,91276310,Konrad Fuchs
929,91276310,Manfred Reithmeier
930,91276310,Petra Hölzle
931,91276310,Simone Tischer
932,91276310,Sophia Schuster
933,91276310,Stefan Kurfer
934,91276312,Ricardo Pepi
935,91276312,Sergio Cordova
936,91276315,Herbert Reul
937,91276315,Joachim Herrmann
938,91276315,Nancy Faeser
939,91276315,Roland Wöller
940,91276319,Fabian Jacobi
941,91276319,Martin Vincentz
942,91276319,Rüdiger Lucassen
943,91276320,Fabian Herzog
944,91276320,Hans
945,91276320,Josephyne
946,91276320,LeRoy Stryewski
947,91276322,Antonio Guardi
948,91276322,Canaletto
949,91276322,Giovanni Bellini
950,91276322,Tiepolo
951,91276322,Tintoretto
952,91276322,Tizian
953,91276324,Anton Sterr
954,91276324,Carsten Schwunck
955,91276324,Frieder Vielsack
956,91276324,Richard Fischer
957,91276324,Robert Pötzsch
958,91276324,Ulli Maier
959,91276324,Wolfgang Hintereder
960,91276327,Christian Weisner
961,91276327,Irene Krapf
962,91276327,Monika Humpert
963,91276329,Erwin Manz
964,91276331,Tobias Hans
965,91276332,Pia Terfloth
966,91276332,Renate Wolf
967,91276341,Daniel Günther
968,91276341,René Domke
969,91276342,Jonas Meister Wuppertal
970,91276342,Martin Bang
971,91276342,Sandra Kraft
972,91276342,Willy Brandt
973,91276344,Jonas Meister Wuppertal
974,91276344,Martin Bang
975,91276344,Sandra Kraft
976,91276344,Willy Brandt
977,91276351,Hartmut Maus
978,91276351,Jorge Heck
979,91276353,André Bürger
980,91276353,Armin Adolphs
981,91276353,Conny Adolphs
982,91276353,Jürgen Klein
983,91276353,Knut Kolk
984,91276353,Lutz Ickler
985,91276353,Martin Vomhof
986,91276353,Matthias Hallmann
987,91276353,Peter Dreßler
988,91276353,Stephan Becker
989,91276353,Tim Dorten
990,91276355,Anne
991,91276355,Cassandra Nanfack
992,91276355,Channelle
993,91276355,Daniela
994,91276355,Gerd Brems
995,91276355,Jürgen König
996,91276355,Kerstin Reckenthäler
997,91276355,Rudolf
998,91276355,Stefan Bögel
999,91276356,Andre Pawlack
1000,91276356,Steffen Baumgart
1001,91276359,Frank-Walter Steinmeier
1002,91276359,Miguel Klauß
1003,91276359,Sascha Binder
1004,91276359,Wolfgang Reinhart
1005,91276361,Markus Leder
1006,91276361,Max Kurse
1007,91276361,Richard Gaul
1008,91276369,Ahaarwin
1009,91276369,Alex Eala
1010,91276369,Dani Rincon
1011,91276369,Gero Kretschmer
1012,91276369,Jaume Munar
1013,91276369,Jin Peng Tang
1014,91276369,Karsten Saniter
1015,91276369,Moritz
1016,91276369,Nils Pottbecker
1017,91276369,Philip Binus
1018,91276369,Rafael Nadal
1019,91276369,Sonja Bick
1020,91276369,Stefanie
1021,91276369,Tomeu Salva
1022,91276369,Toni Nadal
1023,91276373,Fabian Gutbrod
1024,91276373,Karl
1025,91276373,Max Ramota
1026,91276373,Olaf Noll
1027,91276375,Kurt
1028,91276375,Riffhai
1029,91276376,Alfa Bertone
1030,91276376,Hendrik Steinkühler
1031,91276376,Ralf-
1032,91276377,Anna Christmann
1033,91276377,Marco Fuchs
1034,91276377,Walther Pelzer
